{
    "normal_x_speed": 320.08399999999983,
    "normal_y_speed": 360.0819999999999,
    "normalsmooth": 1.2900000000000027,
    "normalsmoothfov": 30.0,
    "mouse_dpi": 800,
    "fovsize": 30.970000000000027,
    "tbfovsize": 2.5,
    "tbdelay": 0.53,
    "in_game_sens": 0.09999999999968168,
    "color": "purple",
    "mode": "Normal",
    "enableaim": true,
    "enabletb": true,
    "selected_mouse_button": 4,
    "selected_tb_btn": 4
}